AÃ±o,Trimestre,Provincia,Accesos,Velocidad
2017,4,BUENOS AIRES,3188332,12.905339397528236
2017,4,CABA,1584238,15.761785835209103
2017,4,CATAMARCA,29558,7.546429528384871
2017,4,CHACO,96471,12.06024504773455
2017,4,CHUBUT,93432,5.798455604075691
2017,4,CORDOBA,700611,12.328680274788722
2017,4,CORRIENTES,93771,10.792194089857206
2017,4,ENTRE RIOS,193499,10.168063504204156
2017,4,FORMOSA,32055,10.502349711433475
2017,4,JUJUY,43550,7.001945809414466
2017,4,LA PAMPA,81086,4.2662899637422
2017,4,LA RIOJA,52195,6.355242992623815
2017,4,MENDOZA,180154,6.110204669338455
2017,4,MISIONES,103895,11.708826565282257
2017,4,NEUQUEN,115843,10.522163894236165
2017,4,RIO NEGRO,109678,8.139411477233356
2017,4,SALTA,133648,8.849454028492756
2017,4,SAN JUAN,58622,6.232159667019207
2017,4,SAN LUIS,14900,5.387336912751677
2017,4,SANTA CRUZ,29978,5.632641136833678
2017,4,SANTA FE,671964,10.807085456959005
2017,4,SANTIAGO DEL ESTERO,68842,6.67524028935824
2017,4,TIERRA DEL FUEGO,31652,5.63137154050297
2017,4,TUCUMAN,162248,13.352930452147328
2018,1,BUENOS AIRES,3471700,14.244623981334792
2018,1,CABA,1368594,18.228532470550068
2018,1,CATAMARCA,33929,6.956963305726665
2018,1,CHACO,96782,12.80430865243537
2018,1,CHUBUT,97928,5.52416228249326
2018,1,CORDOBA,713991,13.559412676070147
2018,1,CORRIENTES,94420,11.518869222622326
2018,1,ENTRE RIOS,196848,10.991817117776153
2018,1,FORMOSA,32320,11.448360767326733
2018,1,JUJUY,44393,7.084356542698172
2018,1,LA PAMPA,82375,4.252106925644917
2018,1,LA RIOJA,52242,6.367621989969757
2018,1,MENDOZA,200927,5.26190341765915
2018,1,MISIONES,103542,12.460320217882598
2018,1,NEUQUEN,116746,11.688254261387971
2018,1,RIO NEGRO,111239,9.013643668137973
2018,1,SALTA,134001,9.569594197058231
2018,1,SAN JUAN,63240,5.769384440227705
2018,1,SAN LUIS,21382,3.6690996164998593
2018,1,SANTA CRUZ,33772,4.913436100911999
2018,1,SANTA FE,680053,11.685156662789518
2018,1,SANTIAGO DEL ESTERO,84236,5.393314924735268
2018,1,TIERRA DEL FUEGO,34409,6.155533842889942
2018,1,TUCUMAN,167984,15.7363568673207
2018,2,BUENOS AIRES,3500699,14.59802158368943
2018,2,CABA,1369186,19.29983302195611
2018,2,CATAMARCA,34089,6.544058317932471
2018,2,CHACO,98521,12.730085321911066
2018,2,CHUBUT,100564,5.441255319995227
2018,2,CORDOBA,713073,13.997363854752598
2018,2,CORRIENTES,97957,11.255724777198157
2018,2,ENTRE RIOS,199985,10.535773142985725
2018,2,FORMOSA,44554,9.285349643129685
2018,2,JUJUY,45133,6.627712937318592
2018,2,LA PAMPA,82421,4.55316154863445
2018,2,LA RIOJA,51948,6.074649187649188
2018,2,MENDOZA,200952,5.260597993550699
2018,2,MISIONES,106147,12.255464365455454
2018,2,NEUQUEN,115848,12.863665423658587
2018,2,RIO NEGRO,112235,9.513226212856953
2018,2,SALTA,134167,9.318298776897448
2018,2,SAN JUAN,64101,5.766341242726323
2018,2,SAN LUIS,21468,3.6824982299236075
2018,2,SANTA CRUZ,34405,4.82774631594245
2018,2,SANTA FE,684552,11.724816136685014
2018,2,SANTIAGO DEL ESTERO,83775,5.125148982393315
2018,2,TIERRA DEL FUEGO,44707,6.15674896548639
2018,2,TUCUMAN,169957,13.715763187159103
2018,3,BUENOS AIRES,3610277,16.644253270316934
2018,3,CABA,1392490,22.018981375808803
2018,3,CATAMARCA,34226,7.681570501957577
2018,3,CHACO,102033,13.39985102858879
2018,3,CHUBUT,103736,6.376020436492635
2018,3,CORDOBA,725858,14.950079971564687
2018,3,CORRIENTES,99456,11.867779037966537
2018,3,ENTRE RIOS,204608,10.867141519393183
2018,3,FORMOSA,44865,9.626565652513095
2018,3,JUJUY,44935,8.000281918326472
2018,3,LA PAMPA,83424,4.680651658995013
2018,3,LA RIOJA,51872,6.635683528685996
2018,3,MENDOZA,207029,6.169105487636998
2018,3,MISIONES,108042,12.995495973787971
2018,3,NEUQUEN,116718,14.126602409225654
2018,3,RIO NEGRO,113492,10.079048743523774
2018,3,SALTA,132883,9.651815446671131
2018,3,SAN JUAN,64481,6.110642452815558
2018,3,SAN LUIS,74421,8.760922320312815
2018,3,SANTA CRUZ,33999,5.737758051707404
2018,3,SANTA FE,695100,12.417212614012373
2018,3,SANTIAGO DEL ESTERO,86360,6.212439092172302
2018,3,TIERRA DEL FUEGO,45564,6.209194890703187
2018,3,TUCUMAN,171166,15.562300036222148
2018,4,BUENOS AIRES,3636606,17.268989210269137
2018,4,CABA,1389020,23.313671500770326
2018,4,CATAMARCA,33583,7.895991305124617
2018,4,CHACO,103270,14.063839721119397
2018,4,CHUBUT,78722,6.351530144051219
2018,4,CORDOBA,737339,15.93241485937947
2018,4,CORRIENTES,100601,12.516243576107595
2018,4,ENTRE RIOS,222047,10.706401455547699
2018,4,FORMOSA,45204,10.138735952570569
2018,4,JUJUY,90133,4.703528252693243
2018,4,LA PAMPA,85636,4.817857910224672
2018,4,LA RIOJA,51651,7.569498673791407
2018,4,MENDOZA,206304,6.128840642934699
2018,4,MISIONES,116273,12.967836591470077
2018,4,NEUQUEN,114365,15.323573715734709
2018,4,RIO NEGRO,116837,10.561481140392171
2018,4,SALTA,134578,10.819036454695418
2018,4,SAN JUAN,62398,6.039972435013943
2018,4,SAN LUIS,96331,6.850692342029045
2018,4,SANTA CRUZ,24768,5.374670381136951
2018,4,SANTA FE,720390,13.08021366204417
2018,4,SANTIAGO DEL ESTERO,89335,6.806796037387362
2018,4,TIERRA DEL FUEGO,46260,8.079154172070904
2018,4,TUCUMAN,172004,16.8867941675775
2019,1,BUENOS AIRES,3732709,19.95574753349377
2019,1,CABA,1401583,25.068750183185728
2019,1,CATAMARCA,34739,7.80155053398198
2019,1,CHACO,106982,13.718842309921296
2019,1,CHUBUT,82678,6.246153656353565
2019,1,CORDOBA,746418,15.902119332599161
2019,1,CORRIENTES,101659,12.424983720083809
2019,1,ENTRE RIOS,233180,10.46946079423621
2019,1,FORMOSA,45299,10.133528775469658
2019,1,JUJUY,83736,5.043454380433744
2019,1,LA PAMPA,87085,5.4558881552506175
2019,1,LA RIOJA,51653,7.5693068747217005
2019,1,MENDOZA,215979,6.124837785155037
2019,1,MISIONES,125633,12.090250873576212
2019,1,NEUQUEN,114242,15.341747483412407
2019,1,RIO NEGRO,120826,10.519541092149042
2019,1,SALTA,136012,10.737028673940534
2019,1,SAN JUAN,63982,6.171961239098497
2019,1,SAN LUIS,98701,6.827901399175287
2019,1,SANTA CRUZ,25606,6.131551198937749
2019,1,SANTA FE,732320,13.085503184400261
2019,1,SANTIAGO DEL ESTERO,91535,6.937108952859562
2019,1,TIERRA DEL FUEGO,43361,6.753812688821752
2019,1,TUCUMAN,172217,16.88581958807783
2019,2,BUENOS AIRES,3870807,22.509588967881893
2019,2,CABA,1418395,30.621004930220426
2019,2,CATAMARCA,33622,8.610268990541908
2019,2,CHACO,109904,16.20517706361916
2019,2,CHUBUT,89333,6.125155228191151
2019,2,CORDOBA,769793,18.519335327808903
2019,2,CORRIENTES,109461,13.433150619855475
2019,2,ENTRE RIOS,234213,11.64503828566305
2019,2,FORMOSA,46751,11.111183076297833
2019,2,JUJUY,86733,9.323374770848465
2019,2,LA PAMPA,90223,5.674681045853053
2019,2,LA RIOJA,50304,8.36749578562341
2019,2,MENDOZA,222260,6.407597138486456
2019,2,MISIONES,130052,13.467794420693261
2019,2,NEUQUEN,122886,17.56678186286477
2019,2,RIO NEGRO,138429,10.404581930086904
2019,2,SALTA,142650,12.224870297932002
2019,2,SAN JUAN,70240,5.9847042710706155
2019,2,SAN LUIS,117383,13.67649400679826
2019,2,SANTA CRUZ,30010,6.456257914028658
2019,2,SANTA FE,736108,14.939764463910189
2019,2,SANTIAGO DEL ESTERO,126056,5.606565526432697
2019,2,TIERRA DEL FUEGO,47895,6.769424198768139
2019,2,TUCUMAN,166673,18.82693772836632
2019,3,BUENOS AIRES,3960233,25.80441565256388
2019,3,CABA,1441211,39.216266910258106
2019,3,CATAMARCA,32400,9.029786172839506
2019,3,CHACO,114451,18.821718674367197
2019,3,CHUBUT,89005,7.050992191449919
2019,3,CORDOBA,783053,23.30688492605226
2019,3,CORRIENTES,112759,16.103617165813816
2019,3,ENTRE RIOS,238102,14.01521579407145
2019,3,FORMOSA,46066,13.55530586549733
2019,3,JUJUY,86576,10.290023378303456
2019,3,LA PAMPA,90828,5.96420957193817
2019,3,LA RIOJA,49677,8.473478833262877
2019,3,MENDOZA,224337,6.448096582373839
2019,3,MISIONES,133883,16.27649517862611
2019,3,NEUQUEN,125421,24.104271692938184
2019,3,RIO NEGRO,144295,14.380477078207837
2019,3,SALTA,151835,14.246570026673691
2019,3,SAN JUAN,73098,6.3591735478398865
2019,3,SAN LUIS,122700,14.165902787286065
2019,3,SANTA CRUZ,37970,5.330430998156439
2019,3,SANTA FE,760934,17.81084374203282
2019,3,SANTIAGO DEL ESTERO,133132,7.135818015202956
2019,3,TIERRA DEL FUEGO,48587,5.7623302529483205
2019,3,TUCUMAN,164131,19.634384071260154
2019,4,BUENOS AIRES,3686254,30.944947156924076
2019,4,CABA,1358105,44.759529945033705
2019,4,CATAMARCA,38311,23.279628461799483
2019,4,CHACO,117903,22.411196118843456
2019,4,CHUBUT,96102,7.043408753199725
2019,4,CORDOBA,806688,26.187772809314133
2019,4,CORRIENTES,113834,18.801310153381237
2019,4,ENTRE RIOS,239030,16.325894745429444
2019,4,FORMOSA,46711,14.75840761276787
2019,4,JUJUY,88881,11.175859362518425
2019,4,LA PAMPA,90399,6.793777619221451
2019,4,LA RIOJA,49002,8.471444185951594
2019,4,MENDOZA,185780,7.916423064915492
2019,4,MISIONES,135813,18.958099092134038
2019,4,NEUQUEN,116445,26.56760779767272
2019,4,RIO NEGRO,127140,15.212577300613496
2019,4,SALTA,172445,18.54260458696976
2019,4,SAN JUAN,64974,6.316630344445471
2019,4,SAN LUIS,108201,13.969722608848347
2019,4,SANTA CRUZ,39370,5.551157607315215
2019,4,SANTA FE,769169,20.117886326672032
2019,4,SANTIAGO DEL ESTERO,103588,9.519193535930803
2019,4,TIERRA DEL FUEGO,40392,7.866236036838978
2019,4,TUCUMAN,198644,30.220069712651778
2020,1,BUENOS AIRES,3718747,45.468369951760636
2020,1,CABA,1354054,59.58894268618534
2020,1,CATAMARCA,38860,27.97865707668554
2020,1,CHACO,120226,24.891484412689433
2020,1,CHUBUT,96920,7.141640445728436
2020,1,CORDOBA,810924,29.406777927401336
2020,1,CORRIENTES,113737,20.073111652320705
2020,1,ENTRE RIOS,230292,18.226245431886476
2020,1,FORMOSA,46276,15.969175598582419
2020,1,JUJUY,94089,11.933280659800829
2020,1,LA PAMPA,89145,7.52196326210107
2020,1,LA RIOJA,48345,8.43245440066191
2020,1,MENDOZA,176960,8.88170301198011
2020,1,MISIONES,133700,20.712336005983545
2020,1,NEUQUEN,122214,28.263241445333595
2020,1,RIO NEGRO,126927,16.73318661908026
2020,1,SALTA,170695,20.86357236005741
2020,1,SAN JUAN,67861,5.996819793401218
2020,1,SAN LUIS,110454,14.3477600086914
2020,1,SANTA CRUZ,38335,6.797202947697926
2020,1,SANTA FE,762556,22.222922235219446
2020,1,SANTIAGO DEL ESTERO,103054,9.762047314999903
2020,1,TIERRA DEL FUEGO,37606,6.446207998723608
2020,1,TUCUMAN,200449,32.59851778756691
2020,2,BUENOS AIRES,3777546,46.06323090837279
2020,2,CABA,1357821,61.393948298045174
2020,2,CATAMARCA,47976,33.0410312239453
2020,2,CHACO,128132,26.9029494349577
2020,2,CHUBUT,108656,7.659641768517155
2020,2,CORDOBA,836468,31.03918709143685
2020,2,CORRIENTES,118866,21.629213063449598
2020,2,ENTRE RIOS,234113,19.523980321468695
2020,2,FORMOSA,47932,16.72427847784361
2020,2,JUJUY,94316,13.3618242503923
2020,2,LA PAMPA,89809,8.28794547317084
2020,2,LA RIOJA,52155,12.12146908254242
2020,2,MENDOZA,201184,9.576558598099252
2020,2,MISIONES,140340,21.557425823001285
2020,2,NEUQUEN,126172,29.63006126557398
2020,2,RIO NEGRO,129486,17.42468534050013
2020,2,SALTA,177762,22.001872301166728
2020,2,SAN JUAN,69777,6.2841916964042595
2020,2,SAN LUIS,113952,14.589921510811573
2020,2,SANTA CRUZ,38869,6.8918436543260695
2020,2,SANTA FE,777932,23.64808078983767
2020,2,SANTIAGO DEL ESTERO,105447,10.169345396265422
2020,2,TIERRA DEL FUEGO,39189,6.999670774962362
2020,2,TUCUMAN,217156,32.658777800291034
2020,3,BUENOS AIRES,3937277,49.01404180732014
2020,3,CABA,1372675,64.88132204054128
2020,3,CATAMARCA,49904,35.401033624559155
2020,3,CHACO,133954,29.66759422637622
2020,3,CHUBUT,130027,7.486722326901336
2020,3,CORDOBA,867472,33.48494953151226
2020,3,CORRIENTES,123391,23.331802481542415
2020,3,ENTRE RIOS,241495,21.346495351870637
2020,3,FORMOSA,49209,17.977228962181712
2020,3,JUJUY,106728,21.654158833670643
2020,3,LA PAMPA,93735,10.628727060329654
2020,3,LA RIOJA,52616,12.646208757792305
2020,3,MENDOZA,207788,10.598438721196606
2020,3,MISIONES,143186,23.07707588730742
2020,3,NEUQUEN,129235,31.851394421015975
2020,3,RIO NEGRO,131467,18.36319853651487
2020,3,SALTA,180846,23.46637893013946
2020,3,SAN JUAN,77327,6.064146598212785
2020,3,SAN LUIS,116565,14.455550431089952
2020,3,SANTA CRUZ,39281,6.89077699142079
2020,3,SANTA FE,802998,25.1893462163044
2020,3,SANTIAGO DEL ESTERO,105492,10.593836726955598
2020,3,TIERRA DEL FUEGO,39655,7.436592459967218
2020,3,TUCUMAN,223876,34.798088959959976
2020,4,BUENOS AIRES,4033257,50.83705966046796
2020,4,CABA,1379530,68.54877542206403
2020,4,CATAMARCA,52396,36.476071875715704
2020,4,CHACO,139091,31.20830997692158
2020,4,CHUBUT,130574,7.442173817145833
2020,4,CORDOBA,902701,35.06584810474343
2020,4,CORRIENTES,125659,24.966137164866822
2020,4,ENTRE RIOS,247381,23.093646500741773
2020,4,FORMOSA,50206,19.42500135441979
2020,4,JUJUY,105851,25.00953547911687
2020,4,LA PAMPA,96895,9.983570638319831
2020,4,LA RIOJA,52778,12.992530183030807
2020,4,MENDOZA,215453,11.376961959220804
2020,4,MISIONES,147161,24.228731933052913
2020,4,NEUQUEN,133135,33.10142794907425
2020,4,RIO NEGRO,141210,18.920893024573328
2020,4,SALTA,187390,24.809437280537914
2020,4,SAN JUAN,72596,6.373844867485812
2020,4,SAN LUIS,119435,15.020859396324362
2020,4,SANTA CRUZ,40674,7.713971111766732
2020,4,SANTA FE,820813,26.90910425273479
2020,4,SANTIAGO DEL ESTERO,106669,11.115803654295062
2020,4,TIERRA DEL FUEGO,39614,7.49462467814409
2020,4,TUCUMAN,231089,36.40546595467547
2021,1,BUENOS AIRES,4059998,51.59337403392809
2021,1,CABA,1379673,69.54408897543114
2021,1,CATAMARCA,51968,38.749600407943355
2021,1,CHACO,139770,32.29516281748587
2021,1,CHUBUT,132340,7.588118724497506
2021,1,CORDOBA,910881,36.14266205355035
2021,1,CORRIENTES,126625,25.406996548864758
2021,1,ENTRE RIOS,251963,23.07749926378079
2021,1,FORMOSA,50686,20.58503314524721
2021,1,JUJUY,110456,26.649721083508368
2021,1,LA PAMPA,97105,10.826608320889758
2021,1,LA RIOJA,52628,13.159026715816674
2021,1,MENDOZA,218923,13.001032458901076
2021,1,MISIONES,149387,24.149515018040393
2021,1,NEUQUEN,133235,33.42265274139678
2021,1,RIO NEGRO,141168,19.177470078204692
2021,1,SALTA,187574,26.746307334705236
2021,1,SAN JUAN,78267,6.862239641228104
2021,1,SAN LUIS,119154,15.234211910636656
2021,1,SANTA CRUZ,46065,7.89677332030826
2021,1,SANTA FE,826127,27.70647535911549
2021,1,SANTIAGO DEL ESTERO,111641,11.409963472201072
2021,1,TIERRA DEL FUEGO,40422,6.523626688436989
2021,1,TUCUMAN,231912,37.92025044844596
2021,2,BUENOS AIRES,4132347,53.63081198940941
2021,2,CABA,1400355,74.14809880851641
2021,2,CATAMARCA,55744,41.073186244259475
2021,2,CHACO,140729,36.04753072216813
2021,2,CHUBUT,139237,7.697851145887946
2021,2,CORDOBA,930880,39.72312952689927
2021,2,CORRIENTES,129501,29.80662031953421
2021,2,ENTRE RIOS,257632,26.385783314960875
2021,2,FORMOSA,51551,23.682917809547824
2021,2,JUJUY,111848,25.667736284958156
2021,2,LA PAMPA,97667,12.139270470066654
2021,2,LA RIOJA,81602,38.756313840347055
2021,2,MENDOZA,229671,13.874736483927009
2021,2,MISIONES,156176,27.691757299457024
2021,2,NEUQUEN,138250,35.346193128390595
2021,2,RIO NEGRO,144084,20.8711809222398
2021,2,SALTA,191639,28.68484943043952
2021,2,SAN JUAN,78933,6.943268670898104
2021,2,SAN LUIS,122818,15.473917585370225
2021,2,SANTA CRUZ,48982,7.850966130415254
2021,2,SANTA FE,840600,30.595363901974782
2021,2,SANTIAGO DEL ESTERO,114090,12.815960767814882
2021,2,TIERRA DEL FUEGO,35693,8.70249824895638
2021,2,TUCUMAN,233051,40.26880106929384
2021,3,BUENOS AIRES,4251605,57.28973136074494
2021,3,CABA,1413405,79.37056637057319
2021,3,CATAMARCA,56254,42.24569797703274
2021,3,CHACO,139871,37.667997304659295
2021,3,CHUBUT,156066,7.698161418886881
2021,3,CORDOBA,946788,42.10736432020685
2021,3,CORRIENTES,133819,31.61387723716363
2021,3,ENTRE RIOS,260375,28.662483706192994
2021,3,FORMOSA,52795,26.38508836064021
2021,3,JUJUY,111158,25.83319750265388
2021,3,LA PAMPA,100487,12.83063848059948
2021,3,LA RIOJA,82160,39.11070664556962
2021,3,MENDOZA,255939,13.778108467251963
2021,3,MISIONES,158528,29.831683286233343
2021,3,NEUQUEN,139809,37.56302458353897
2021,3,RIO NEGRO,144585,22.331298073797424
2021,3,SALTA,195833,30.62671564036705
2021,3,SAN JUAN,79483,6.990649899978613
2021,3,SAN LUIS,117864,16.6094160218557
2021,3,SANTA CRUZ,48976,7.915581570565174
2021,3,SANTA FE,841584,32.96861890435179
2021,3,SANTIAGO DEL ESTERO,115458,13.528229797848567
2021,3,TIERRA DEL FUEGO,50223,9.769590466519324
2021,3,TUCUMAN,232472,42.511492403386214
2021,4,BUENOS AIRES,4509157,61.07794501677363
2021,4,CABA,1412119,84.79360045222818
2021,4,CATAMARCA,59090,45.18177705195465
2021,4,CHACO,143745,40.795798066019685
2021,4,CHUBUT,160308,8.594230855602964
2021,4,CORDOBA,986770,46.42140432724951
2021,4,CORRIENTES,135912,34.587705000294314
2021,4,ENTRE RIOS,265046,31.781970159896776
2021,4,FORMOSA,53663,28.264826603059834
2021,4,JUJUY,113915,26.95370017995874
2021,4,LA PAMPA,107007,13.878234180941435
2021,4,LA RIOJA,83128,39.96370125589453
2021,4,MENDOZA,267587,22.832670641697838
2021,4,MISIONES,171132,37.660752074422085
2021,4,NEUQUEN,147466,38.82467191081334
2021,4,RIO NEGRO,153753,23.733098020851628
2021,4,SALTA,199405,33.318514290012786
2021,4,SAN JUAN,79958,11.040073563620902
2021,4,SAN LUIS,118849,15.987128120556338
2021,4,SANTA CRUZ,48486,9.307552345006807
2021,4,SANTA FE,866441,35.758111206648806
2021,4,SANTIAGO DEL ESTERO,115861,14.003764217467483
2021,4,TIERRA DEL FUEGO,52357,10.70198464388716
2021,4,TUCUMAN,238639,45.60798305390149
2022,1,BUENOS AIRES,4555424,63.42338857261147
2022,1,CABA,1417541,90.14818079970878
2022,1,CATAMARCA,62378,50.06095819038764
2022,1,CHACO,144119,44.2018103997391
2022,1,CHUBUT,171628,12.644274057846038
2022,1,CORDOBA,1003803,49.967936617045375
2022,1,CORRIENTES,142578,36.96054113537853
2022,1,ENTRE RIOS,267926,33.978089155214505
2022,1,FORMOSA,54548,30.577653002859865
2022,1,JUJUY,116509,27.48067672025337
2022,1,LA PAMPA,109732,14.866164300295264
2022,1,LA RIOJA,84303,41.65893690615992
2022,1,MENDOZA,275185,26.52657925032251
2022,1,MISIONES,171508,40.55421092893626
2022,1,NEUQUEN,149679,41.749676574536174
2022,1,RIO NEGRO,157374,27.29165207721733
2022,1,SALTA,197515,36.05318900336683
2022,1,SAN JUAN,88178,12.230277007870443
2022,1,SAN LUIS,119844,16.162768715997466
2022,1,SANTA CRUZ,49102,11.190027595617286
2022,1,SANTA FE,870479,38.666269644643926
2022,1,SANTIAGO DEL ESTERO,116461,14.662649899966514
2022,1,TIERRA DEL FUEGO,52611,10.77005534964171
2022,1,TUCUMAN,245584,47.71736438855952
2022,2,BUENOS AIRES,4667183,65.95872261811888
2022,2,CABA,1536771,89.66179793801419
2022,2,CATAMARCA,67008,55.426716959169056
2022,2,CHACO,143564,50.149437749017856
2022,2,CHUBUT,162805,13.55300269647738
2022,2,CORDOBA,1026435,53.63945861160229
2022,2,CORRIENTES,144997,42.02288710800913
2022,2,ENTRE RIOS,269352,38.21819930425614
2022,2,FORMOSA,67881,28.796407359938716
2022,2,JUJUY,115314,29.16824912846662
2022,2,LA PAMPA,111527,16.045290100155118
2022,2,LA RIOJA,86030,43.59404926188539
2022,2,MENDOZA,279562,29.94285327405012
2022,2,MISIONES,178813,44.86636801574829
2022,2,NEUQUEN,161968,42.150028993381405
2022,2,RIO NEGRO,159764,28.924750269146994
2022,2,SALTA,203177,38.172841935849036
2022,2,SAN JUAN,100407,13.313975659067596
2022,2,SAN LUIS,121741,17.157088392571115
2022,2,SANTA CRUZ,49185,12.045549476466404
2022,2,SANTA FE,878859,41.84195766783978
2022,2,SANTIAGO DEL ESTERO,118044,16.514983989021044
2022,2,TIERRA DEL FUEGO,53770,10.819005728101173
2022,2,TUCUMAN,254527,50.65123017990233
2022,3,BUENOS AIRES,5044432,161.36648985693532
2022,3,CABA,1504686,239.7062614638536
2022,3,CATAMARCA,74933,94.18821718068142
2022,3,CHACO,155543,108.38078283175713
2022,3,CHUBUT,170674,18.971820945193762
2022,3,CORDOBA,1082095,117.65581419745956
2022,3,CORRIENTES,157894,102.18089871686068
2022,3,ENTRE RIOS,296552,100.47697204874693
2022,3,FORMOSA,62718,87.30914928728595
2022,3,JUJUY,118051,47.83925533879425
2022,3,LA PAMPA,122195,26.67399845329187
2022,3,LA RIOJA,87782,65.36445920575973
2022,3,MENDOZA,302597,52.242295125199526
2022,3,MISIONES,202556,94.21281433282648
2022,3,NEUQUEN,164246,89.9424958720456
2022,3,RIO NEGRO,170352,70.08275519512539
2022,3,SALTA,202860,84.89380468303264
2022,3,SAN JUAN,106666,24.884354733467084
2022,3,SAN LUIS,156088,176.62109749628414
2022,3,SANTA CRUZ,80208,18.849969828446042
2022,3,SANTA FE,918578,102.2347803648683
2022,3,SANTIAGO DEL ESTERO,124362,46.29630771457519
2022,3,TIERRA DEL FUEGO,61555,19.731671805702216
2022,3,TUCUMAN,264595,106.8468094861959
2022,4,BUENOS AIRES,4794665,112.71892523085553
2022,4,CABA,1551926,177.50081806026833
2022,4,CATAMARCA,70909,83.0786830726706
2022,4,CHACO,143663,104.91628245964515
2022,4,CHUBUT,168759,14.496504980475114
2022,4,CORDOBA,1049660,111.24173347941239
2022,4,CORRIENTES,155453,93.38031982657137
2022,4,ENTRE RIOS,270974,91.08569499287754
2022,4,FORMOSA,61840,74.61756995472187
2022,4,JUJUY,118218,39.75239144631105
2022,4,LA PAMPA,114164,16.831837225395045
2022,4,LA RIOJA,86262,62.740543437434795
2022,4,MENDOZA,292104,36.677620200339604
2022,4,MISIONES,186269,90.31589477583495
2022,4,NEUQUEN,160180,98.14859373205144
2022,4,RIO NEGRO,162092,64.23923972805568
2022,4,SALTA,205860,76.48130075779656
2022,4,SAN JUAN,103826,15.076331959239498
2022,4,SAN LUIS,135220,30.370765611595917
2022,4,SANTA CRUZ,50203,14.447798438340337
2022,4,SANTA FE,887691,92.10222082909482
2022,4,SANTIAGO DEL ESTERO,119494,35.57634025139337
2022,4,TIERRA DEL FUEGO,55260,13.565261780673183
2022,4,TUCUMAN,263422,86.2983700526152
2023,1,BUENOS AIRES,4820928,117.99056594041646
2023,1,CABA,1548729,182.99457496372833
2023,1,CATAMARCA,71492,87.14216659206625
2023,1,CHACO,142442,105.12910721556844
2023,1,CHUBUT,170053,16.584806924899883
2023,1,CORDOBA,1049972,110.27846699150072
2023,1,CORRIENTES,157020,92.84759186090943
2023,1,ENTRE RIOS,274878,90.1860338586573
2023,1,FORMOSA,60985,76.58110436992703
2023,1,JUJUY,117981,42.93249224875192
2023,1,LA PAMPA,116504,17.583921110004805
2023,1,LA RIOJA,86405,64.9682015855564
2023,1,MENDOZA,293019,39.24560428845911
2023,1,MISIONES,190685,89.08382005926003
2023,1,NEUQUEN,160412,96.09832304316384
2023,1,RIO NEGRO,164331,63.55230671023727
2023,1,SALTA,205426,77.35737155958837
2023,1,SAN JUAN,101767,17.17822616368764
2023,1,SAN LUIS,135463,55.52671080664092
2023,1,SANTA CRUZ,50361,15.076283254899625
2023,1,SANTA FE,886274,94.03402269049978
2023,1,SANTIAGO DEL ESTERO,118555,37.49003269368647
2023,1,TIERRA DEL FUEGO,57113,14.056650534904488
2023,1,TUCUMAN,261100,93.5935690693221
2023,2,BUENOS AIRES,5044503,161.3681161775501
2023,2,CABA,1504686,239.7062614638536
2023,2,CATAMARCA,74933,94.18821718068142
2023,2,CHACO,155543,108.38078283175713
2023,2,CHUBUT,170674,18.971820945193762
2023,2,CORDOBA,1082179,117.64893336869409
2023,2,CORRIENTES,157894,102.18089871686068
2023,2,ENTRE RIOS,296552,100.47697204874693
2023,2,FORMOSA,62718,87.30914928728595
2023,2,JUJUY,118053,47.841494345759955
2023,2,LA PAMPA,122195,26.67399845329187
2023,2,LA RIOJA,87782,65.36445920575973
2023,2,MENDOZA,302597,52.242295125199526
2023,2,MISIONES,202556,94.21281433282648
2023,2,NEUQUEN,164246,89.9424958720456
2023,2,RIO NEGRO,171019,70.89175771697882
2023,2,SALTA,202860,84.89380468303264
2023,2,SAN JUAN,106666,24.884354733467084
2023,2,SAN LUIS,156088,176.62109749628414
2023,2,SANTA CRUZ,80208,18.849969828446042
2023,2,SANTA FE,918578,102.2347803648683
2023,2,SANTIAGO DEL ESTERO,124362,46.29630771457519
2023,2,TIERRA DEL FUEGO,61555,19.731671805702216
2023,2,TUCUMAN,264595,106.8468094861959
2023,3,BUENOS AIRES,4968237,149.1857804700138
2023,3,CABA,1467984,227.55164043817916
2023,3,CATAMARCA,74355,90.45253594243832
2023,3,CHACO,142146,108.19659253162241
2023,3,CHUBUT,168068,17.812535973534523
2023,3,CORDOBA,1069334,113.96685489098822
2023,3,CORRIENTES,159829,98.31593093869073
2023,3,ENTRE RIOS,293293,100.23163258243463
2023,3,FORMOSA,61314,83.65854481847539
2023,3,JUJUY,117377,44.77888581238233
2023,3,LA PAMPA,119921,24.347679930954545
2023,3,LA RIOJA,87701,65.62462067707324
2023,3,MENDOZA,298022,47.13954481883887
2023,3,MISIONES,197135,90.55947455297131
2023,3,NEUQUEN,164273,92.67784768647311
2023,3,RIO NEGRO,163485,67.15222466281311
2023,3,SALTA,206233,81.32618172649383
2023,3,SAN JUAN,103730,19.71054825026511
2023,3,SAN LUIS,148916,101.18804333986947
2023,3,SANTA CRUZ,47987,16.13719157271761
2023,3,SANTA FE,900352,99.29260689819093
2023,3,SANTIAGO DEL ESTERO,121928,42.82862892854799
2023,3,TIERRA DEL FUEGO,58731,16.4159081575318
2023,3,TUCUMAN,266557,102.13082831814583
2023,4,BUENOS AIRES,5011620,161.76569291307004
2023,4,CABA,1474367,243.466719437562
2023,4,CATAMARCA,74587,92.0458708622146
2023,4,CHACO,147386,107.94930419442824
2023,4,CHUBUT,170170,18.783428406887232
2023,4,CORDOBA,1079302,116.55908760476679
2023,4,CORRIENTES,159472,100.54340996538578
2023,4,ENTRE RIOS,298637,100.27795720891919
2023,4,FORMOSA,62002,86.85018568755847
2023,4,JUJUY,118020,46.489142450432134
2023,4,LA PAMPA,121326,25.736708182912153
2023,4,LA RIOJA,87721,65.9731006030483
2023,4,MENDOZA,299351,49.74048032577142
2023,4,MISIONES,200333,92.71867472658023
2023,4,NEUQUEN,164627,91.3176394212371
2023,4,RIO NEGRO,168417,70.27543165476169
2023,4,SALTA,204732,83.62734209600845
2023,4,SAN JUAN,103210,19.958241895165198
2023,4,SAN LUIS,154685,177.5304949413324
2023,4,SANTA CRUZ,87031,23.155726304420266
2023,4,SANTA FE,909501,101.95173048297913
2023,4,SANTIAGO DEL ESTERO,123230,45.64991193702832
2023,4,TIERRA DEL FUEGO,61599,16.330393447945582
2023,4,TUCUMAN,266335,104.98903110743989
2024,1,BUENOS AIRES,5044557,161.37241429961043
2024,1,CABA,1504711,239.71889335360743
2024,1,CATAMARCA,74933,94.18821718068142
2024,1,CHACO,155543,108.38078283175713
2024,1,CHUBUT,170676,18.983316740490753
2024,1,CORDOBA,1082198,117.64713011297378
2024,1,CORRIENTES,157894,102.18089871686068
2024,1,ENTRE RIOS,296552,100.47697204874693
2024,1,FORMOSA,62718,87.30914928728595
2024,1,JUJUY,118053,47.841494345759955
2024,1,LA PAMPA,122195,26.67399845329187
2024,1,LA RIOJA,87782,65.36445920575973
2024,1,MENDOZA,302597,52.242295125199526
2024,1,MISIONES,202556,94.21281433282648
2024,1,NEUQUEN,164246,89.9424958720456
2024,1,RIO NEGRO,171019,70.89175771697882
2024,1,SALTA,202861,84.89831568413841
2024,1,SAN JUAN,106666,24.884354733467084
2024,1,SAN LUIS,156090,176.63164754949068
2024,1,SANTA CRUZ,80208,18.849969828446042
2024,1,SANTA FE,918579,102.2357577061962
2024,1,SANTIAGO DEL ESTERO,124362,46.29630771457519
2024,1,TIERRA DEL FUEGO,61555,19.731671805702216
2024,1,TUCUMAN,264595,106.8468094861959
2024,2,BUENOS AIRES,4989380,153.449606908674
2024,2,CABA,1463599,232.7582092922993
2024,2,CATAMARCA,75074,97.31429256466953
2024,2,CHACO,147092,105.41002586136568
2024,2,CHUBUT,174223,19.612709366731146
2024,2,CORDOBA,1085774,115.56592298949873
2024,2,CORRIENTES,156475,100.8076158108324
2024,2,ENTRE RIOS,294311,96.18390423055884
2024,2,FORMOSA,62950,82.27465728355838
2024,2,JUJUY,119684,49.06471956151198
2024,2,LA PAMPA,123263,28.35401346713937
2024,2,LA RIOJA,87481,64.31829041734777
2024,2,MENDOZA,301653,54.3016877073989
2024,2,MISIONES,206554,91.95028684024517
2024,2,NEUQUEN,163542,85.23929936040895
2024,2,RIO NEGRO,172041,68.25686731651177
2024,2,SALTA,201341,84.20174924133684
2024,2,SAN JUAN,105990,25.26581573733371
2024,2,SAN LUIS,157609,174.7274601196632
2024,2,SANTA CRUZ,83461,17.791244485448292
2024,2,SANTA FE,930973,99.34927862569592
2024,2,SANTIAGO DEL ESTERO,125314,48.602326443972736
2024,2,TIERRA DEL FUEGO,61409,19.525145043886074
2024,2,TUCUMAN,266914,108.7854758311666
